<beans xmlns="http://www.springframework.org/schema/beans"
	xmlns:xsi="http://www.w3.org/2001/XMLSchema-instance"
	xmlns:context="http://www.springframework.org/schema/context"
	xsi:schemaLocation="http://www.springframework.org/schema/beans
    http://www.springframework.org/schema/beans/spring-beans-3.0.xsd
    http://www.springframework.org/schema/context
    http://www.springframework.org/schema/context/spring-context-3.0.xsd">

	<bean class="com.ktg.core.Employee" id="emp" autowire="byType">
		<property name="empId" value="123"></property>
		<property name="empName" value="mahesh"></property>
		<property name="empDesg" value="developer"></property>
		<property name="empSal" value="50000"></property>
		
		<!-- <property name="address" ref="add"></property> -->
	</bean>

	<bean class="com.ktg.core.Address" id="add">
		<property name="hno" value="43"></property>
		<property name="colony" value="sbi colony"></property>
		<property name="city" value="hyderabad"></property>
		<property name="pincode" value="500074"></property>

	</bean>



<!-- 	<bean class="com.ktg.core.Employee" id="emp1">
		<constructor-arg name="empId" value="124"></constructor-arg>
		<constructor-arg name="empName" value="suresh"></constructor-arg>
		<constructor-arg name="empDesg" value="trainer"></constructor-arg>
		<constructor-arg name="empSal" value="100000"></constructor-arg>

	</bean> -->
</beans>